Year,Rank,G,Ghome,W,L,R,AB,H,2B,3B,HR,BB,SO,SB,CS,HBP,SF,RA,ER,ERA,CG,SHO,SV,IPouts,HA,HRA,BBA,SOA,E,DP,FP,attendance,BPF,PPF,HR/9,K/9,BB/9,1B,1B/9,2B/9
1920,4.4375,154.25,77.125,76.75,76.75,672.625,5261.4375,1454.875,225.6875,79.0,39.375,426.5625,455.3125,107.5625,98.0625,,,672.625,534.4375,3.461875,87.1875,11.75,8.9375,4173.1875,1454.875,39.375,426.5,454.3125,217.9375,123.0,0.96625,570054.6875,100.25,100.5,0.2547513141932875,2.9458147998382533,2.759805903760615,1110.8125,7.186817630408411,1.4601698342094622
1921,4.5,153.625,76.8125,76.625,76.625,745.9375,5325.3125,1549.4375,248.6875,85.25,58.5625,429.4375,435.1875,93.0,82.25,,,745.9375,615.5625,4.03125,79.5625,7.9375,11.0625,4124.625,1547.0,58.5625,426.5625,435.125,212.9375,135.75,0.9665,537957.0,100.0625,100.0625,0.3833530320938267,2.848758978088917,2.8111191926538774,1156.9375,7.573370306391491,1.6279207200654604
1922,4.4375,154.75,77.375,76.9375,76.9375,753.6875,5333.1875,1538.75,246.4375,77.9375,65.9375,453.25,434.5625,89.75,71.8125,,,753.6875,623.5625,4.066875,77.5,9.1875,9.75,4142.0625,1536.125,65.9375,451.125,433.4375,200.5625,138.25,0.968125,551010.9375,100.125,100.0,0.4298130460368476,2.832692046534788,2.9545063600561314,1148.4375,7.486080304196279,1.6064007967045404
1923,4.5,154.125,77.0625,76.625,76.625,742.125,5330.25,1514.0,245.125,71.3125,61.25,474.125,438.6875,97.8125,78.9375,,,742.125,611.5625,3.98875,76.5,8.0,10.4375,4140.375,1512.125,61.25,474.6875,437.9375,207.9375,143.0,0.9670625,542025.375,100.1875,100.1875,0.39942034236029345,2.8607463092111223,3.0918395072910063,1136.3125,7.4100624943392805,1.5984965129970112
1924,4.5,153.875,76.9375,76.5,76.5,732.625,5295.3125,1516.375,254.875,73.3125,56.0,459.5,416.0625,93.9375,77.5,,,732.625,616.5625,4.05,74.875,8.5625,10.9375,4112.8125,1513.1875,56.0,459.5,414.0,190.0,145.6875,0.9695625,599755.1875,100.1875,100.0625,0.36763163893321177,2.731388192386597,3.0165488944609073,1132.1875,7.432641896512423,1.6732163209482562
1925,4.4375,153.5,76.75,76.5,76.5,787.25,5340.875,1557.0625,271.125,73.1875,73.0625,484.3125,417.5625,86.4375,68.6875,,,787.25,656.25,4.3325,75.5625,6.75,10.9375,4092.1875,1557.375,73.0625,485.5,418.0625,205.0625,151.8125,0.966875,596284.6875,100.1875,100.3125,0.48206185567010307,2.7550515463917526,3.1954639175257733,1139.6875,7.519587628865979,1.7888659793814432
1926,4.5,154.25,77.125,76.375,76.375,715.1875,5235.6875,1469.0625,258.9375,72.3125,53.9375,481.5625,425.6875,79.5,63.625,,,715.1875,596.5,3.92375,72.1875,8.375,12.125,4107.75,1469.75,53.9375,479.75,425.9375,194.625,143.5625,0.96875,614561.375,100.5,100.5,0.35452802629176555,2.7980189884973528,3.165282088734709,1083.875,7.124246850465584,1.7019810115026475
1927,4.5,154.5,77.25,76.75,76.75,734.0625,5278.8125,1497.4375,259.3125,71.875,57.625,464.4375,427.0,89.8125,63.875,,,734.0625,615.125,4.02875,74.875,8.0,12.3125,4126.3125,1499.4375,57.625,465.0625,430.9375,200.6875,145.0625,0.9676875,620179.25,99.9375,99.8125,0.37706184395874043,2.794020084518562,3.038987594856182,1108.625,7.2541464079611035,1.6967782978143318
1928,4.5,153.875,76.9375,76.6875,76.6875,727.8125,5278.3125,1483.25,263.8125,71.125,68.3125,479.75,445.5625,79.0625,59.5,,,727.8125,613.0625,4.018125,73.25,8.25,13.625,4125.375,1481.6875,68.3125,478.875,443.375,185.8125,149.625,0.9698125,568892.8125,100.1875,100.3125,0.44709571857103897,2.916143986910281,3.139896373056995,1080.0,7.068448322879738,1.7266157622034362
1929,4.5,153.625,76.8125,76.3125,76.3125,796.6875,5325.6875,1540.25,280.125,73.0,84.3125,500.9375,440.1875,82.875,61.375,,,796.6875,679.0,4.476875,73.0625,7.625,13.4375,4096.5,1540.1875,84.3125,500.625,439.875,183.5,148.3125,0.9700625,599261.4375,100.125,100.125,0.5557030391797876,2.9012724276821675,3.3016752105455875,1102.8125,7.268628707433175,1.8463017209813255
1930,4.5,154.25,77.125,77.0,77.0,855.9375,5410.9375,1599.875,297.5625,80.0625,97.8125,479.125,496.0,67.4375,52.875,,,855.9375,729.625,4.808125,68.375,5.8125,13.4375,4098.1875,1600.25,97.8125,477.8125,495.625,189.1875,156.375,0.969,633266.375,100.125,100.125,0.6444159765750103,3.267786063961202,3.156608866724619,1124.4375,7.408107242530997,1.960424577938418
1931,4.5,154.5,77.25,76.6875,76.6875,743.25,5413.1875,1502.3125,281.9375,66.875,66.8125,479.375,494.3125,67.875,56.5,,,743.25,629.4375,4.123125,74.25,8.375,12.25,4122.1875,1502.4375,66.8125,479.0625,494.25,185.5625,148.1875,0.9696875,529194.1875,100.0625,100.125,0.437616556743234,3.2377075278599046,3.1398680918808277,1086.6875,7.117716624971571,1.8466681828519445
1932,4.4375,154.125,77.0625,76.75,76.75,757.25,5449.5625,1506.75,286.25,67.0,84.875,471.625,492.875,61.8125,50.625,,,757.25,641.8125,4.181875,70.3125,7.5625,12.0625,4147.875,1506.625,84.875,471.25,491.125,182.5625,146.3125,0.97025,435910.375,100.375,100.3125,0.5524816924328723,3.208299430431245,3.0699755899104963,1068.625,6.956061838893409,1.8633034987794954
1933,4.5,153.25,76.625,76.0,76.0,686.75,5327.0625,1435.5625,246.5,60.4375,66.6875,459.3125,464.5,53.75,47.0,,,686.75,578.5625,3.8125,69.5625,10.5625,13.875,4105.125,1435.375,66.6875,459.3125,464.8125,169.75,141.125,0.972,380564.4375,100.5625,100.5,0.43861331871745685,3.0550835845437105,3.0209646478487255,1061.9375,6.984516305837215,1.6212661003014524
1934,4.5,152.875,76.4375,75.9375,75.9375,750.0,5369.625,1497.75,269.5625,55.125,84.0,491.375,526.8125,56.8125,39.375,,,750.0,645.4375,4.285625,66.3125,8.875,14.3125,4069.875,1498.0,84.0,490.625,526.8125,173.75,143.5625,0.971125,435231.9375,100.3125,100.4375,0.557265272274947,3.494932276789828,3.2598359900488343,1089.0625,7.224960840320649,1.7883073804478025
1935,4.5,153.5,76.75,76.1875,76.1875,751.625,5402.3125,1504.625,266.5625,61.6875,82.8125,489.25,500.5,55.1875,41.125,,,751.625,643.5,4.23875,68.3125,9.4375,13.0,4101.5625,1503.75,82.8125,489.375,501.0,178.875,138.0,0.970375,459082.25,100.3125,100.25,0.5451428571428572,3.29472,3.220662857142857,1093.5625,7.198765714285714,1.7547428571428572
1936,4.4375,154.75,77.375,76.75,76.75,802.875,5477.375,1553.9375,279.4375,61.1875,85.25,525.75,514.125,60.1875,40.0,,,802.875,692.1875,4.530625,67.1875,7.625,14.875,4132.3125,1553.0625,85.25,525.9375,514.5625,180.8125,148.4375,0.9703125,505163.3125,100.3125,100.375,0.5570125686283407,3.3592268251735558,3.435183084531966,1128.0625,7.370615726666364,1.8258087935024274
1937,4.5,154.875,77.4375,76.625,76.625,754.375,5372.6875,1485.5625,263.5,62.3125,89.375,527.5,562.25,63.8125,42.125,,,754.375,648.875,4.266875,69.625,8.75,13.4375,4106.8125,1485.375,89.375,527.3125,562.1875,174.0,146.375,0.9713125,558753.9375,100.25,100.125,0.5875907409943844,3.6964799342555814,3.4680180797151077,1070.375,7.0371182029858925,1.7323654293932338
1938,4.5,152.875,76.4375,75.4375,75.4375,748.0625,5313.3125,1455.8125,252.875,58.4375,92.1875,539.5,521.5,56.0,40.625,,,748.0625,643.9375,4.290625,68.125,8.125,13.125,4060.125,1455.625,92.1875,539.3125,521.375,171.4375,152.3125,0.9714375,562906.9375,99.9375,100.1875,0.6130507065669161,3.4679966749792186,3.5876974231088945,1052.3125,6.997921862011638,1.6816292601828762
1939,4.5,153.875,76.9375,76.3125,76.3125,742.25,5304.9375,1460.6875,258.6875,57.25,90.3125,530.0625,531.8125,59.8125,43.125,,,742.25,646.375,4.271875,64.1875,8.3125,15.625,4091.0625,1460.5625,90.3125,529.875,532.375,177.1875,149.5,0.970625,561111.1875,100.0625,100.1875,0.5960401484944314,3.5098308813419496,3.498281314450708,1054.4375,6.959026536504881,1.7072734772446034
1940,4.4375,154.5,77.25,76.75,76.75,723.0,5375.1875,1437.625,256.3125,58.0625,98.1875,517.25,566.0,59.5625,41.625,,,723.0,629.8125,4.12,68.4375,8.9375,14.75,4134.0,1437.6875,98.1875,516.5625,566.0,177.0625,146.0625,0.970875,613967.75,100.25,100.125,0.6412826560232221,3.6966618287373003,3.378265602322206,1025.0625,6.694892960812772,1.6740293904208998
1941,4.375,155.5,77.75,76.9375,76.9375,698.0,5365.875,1408.1875,247.375,54.1875,83.1875,555.6875,552.4375,55.125,40.375,,,698.0,599.6875,3.894375,67.8125,10.25,13.75,4161.375,1408.375,83.1875,555.6875,552.25,173.375,149.625,0.9715625,605600.1875,100.3125,100.1875,0.5397404703974047,3.5843471208434714,3.605433901054339,1023.4375,6.640308191403082,1.6050283860502839
1942,4.5,153.0,76.5,75.9375,75.9375,624.6875,5232.75,1323.5,217.3125,45.1875,66.9375,524.625,520.8125,60.0625,48.75,,,624.6875,530.9375,3.490625,70.5,11.375,12.4375,4114.875,1323.125,66.9375,524.0625,520.875,169.1875,147.6875,0.9719375,534598.0625,100.25,100.1875,0.43921443543242505,3.4173425681217533,3.442358516358334,994.0625,6.52260092955436,1.4259090494850999
1943,4.5,154.75,77.375,76.6875,76.6875,605.875,5294.0,1341.6875,216.6875,47.3125,56.5625,523.3125,534.8125,63.125,56.125,,,605.875,519.1875,3.34125,68.4375,12.9375,15.8125,4199.625,1341.625,56.5625,521.9375,535.3125,163.375,154.8125,0.9735625,466619.4375,100.125,100.1875,0.3636485400482186,3.43838735601393,3.3644521832306458,1021.125,6.564961157246183,1.3931154567372086
1944,4.4375,155.25,77.625,76.9375,76.9375,647.0625,5354.125,1394.0625,228.3125,50.5,64.625,495.9375,511.5625,57.5,42.375,,,647.0625,545.75,3.525,70.1875,11.4375,13.9375,4185.0,1394.0625,64.625,495.9375,511.4375,174.3125,150.3125,0.971625,548296.625,100.0625,100.1875,0.41693548387096774,3.3004032258064515,3.1995967741935485,1050.625,6.778225806451613,1.4729838709677419
1945,4.5,153.75,76.875,76.125,76.125,642.875,5277.9375,1373.5625,218.5625,45.5,62.9375,518.4375,503.125,61.125,46.625,,,642.875,546.625,3.58375,71.25,12.0625,13.625,4121.25,1373.5625,62.9375,518.4375,503.125,167.9375,147.1875,0.97225,677570.1875,100.0625,100.125,0.41232939035486804,3.2961783439490446,3.3964968152866244,1046.5625,6.856460418562329,1.4318926296633303
1946,4.5,155.25,77.625,77.0625,77.0625,622.0625,5270.8125,1347.1875,223.6875,48.9375,75.9375,550.0,606.375,55.25,42.5,,,622.0625,531.875,3.4625,65.75,13.0625,14.1875,4151.8125,1347.1875,75.9375,550.1875,606.375,159.5,150.4375,0.973625,1157705.5625,100.125,100.1875,0.49383552364178296,3.9433681073025335,3.5767511177347244,998.625,6.494241972632435,1.4546809375423384
1947,4.4375,155.375,77.6875,77.0,77.0,676.6875,5277.25,1375.1875,223.0,50.25,97.8125,576.375,572.625,47.5,41.625,,,676.6875,594.3125,3.885,60.0625,11.5,18.125,4132.3125,1375.1875,97.8125,576.3125,572.625,139.375,153.8125,0.976625,1242158.6875,100.4375,100.1875,0.6390943327737193,3.741458323880394,3.765960343028268,1004.125,6.560823993829121,1.4570534053269204
1948,4.5,154.625,77.3125,76.875,76.875,708.0,5275.6875,1389.625,230.375,52.125,97.1875,602.25,564.5625,50.75,36.0,,,708.0,627.625,4.12625,56.0625,9.25,19.625,4111.125,1389.4375,97.1875,602.375,564.6875,146.3125,154.3125,0.975375,1307552.625,100.1875,100.125,0.6382833166104168,3.7077898385478427,3.9553042050533613,1009.9375,6.632810362127155,1.5129982668977469
1949,4.5,155.0,77.5,77.0,77.0,714.125,5273.75,1385.5,225.125,47.5625,106.5,627.0,559.75,45.625,37.375,,,714.125,630.0,4.12375,61.1875,11.0625,15.3125,4131.0,1385.5,106.5,627.0,559.75,142.75,168.75,0.97625,1263460.3125,100.3125,100.1875,0.696078431372549,3.6584967320261437,4.098039215686274,1006.3125,6.577205882352941,1.47140522875817
1950,4.5,154.75,77.375,76.875,76.875,750.8125,5301.4375,1409.9375,232.125,49.5625,129.5625,622.1875,597.8125,40.625,28.875,,,750.8125,665.125,4.3637500000000005,62.375,8.9375,18.0625,4118.625,1409.9375,129.5625,622.1875,597.8125,145.8125,171.3125,0.9755625,1091436.0625,100.25,100.125,0.8493580988800874,3.9190111991259218,4.078803605572248,998.6875,6.546981698989347,1.5217153783119366
1951,4.5,154.875,77.4375,77.1875,77.1875,704.25,5316.5625,1386.9375,223.875,44.75,116.4375,578.1875,583.8125,54.125,37.75,,,704.25,623.0,4.044375,58.625,10.875,17.25,4163.0625,1386.9375,116.4375,578.1875,583.8125,149.5625,170.9375,0.9753125,1007917.25,100.125,100.25,0.7551682205107418,3.7863802188893394,3.7498986623429267,1001.875,6.497770571544386,1.4519659505472233
1952,4.5,154.875,77.4375,76.9375,76.9375,646.8125,5262.1875,1329.5,211.75,42.3125,106.3125,548.625,649.625,48.1875,39.25,,,646.8125,570.5625,3.704375,59.3125,12.0625,19.125,4162.6875,1329.5,106.3125,548.5625,649.625,141.125,157.875,0.9765625,914565.25,100.3125,100.25,0.6895635331741814,4.213593982253052,3.558488356380343,969.125,6.285933066078105,1.3734516463222377
1953,4.4375,155.0,77.5,76.8125,76.8125,714.125,5312.3125,1403.6875,224.5625,46.5625,129.75,543.0625,638.625,41.75,32.5,,,714.125,633.375,4.13875,54.0,10.5625,21.6875,4130.0625,1403.6875,129.75,543.0625,638.625,140.25,162.6875,0.9765625,898987.3125,100.3125,100.25,0.8482317156217369,4.174967085849185,3.5502338039678576,1002.8125,6.555817859899214,1.4680619240023607
1954,4.5,154.625,77.3125,77.0,77.0,676.6875,5246.0,1369.25,215.9375,49.3125,121.0625,564.5625,638.4375,43.4375,32.9375,,,676.6875,598.625,3.90125,52.5,11.0,21.875,4147.875,1369.25,121.0625,564.5625,638.4375,141.875,160.125,0.9761875,995992.6875,99.875,99.9375,0.7880390561432059,4.1558177379983725,3.6749389747762407,982.9375,6.398291293734744,1.4056143205858422
1955,4.5,154.25,77.125,76.9375,76.9375,691.8125,5224.375,1350.625,203.1875,43.75,139.0,565.5,676.5,43.375,33.5,,,691.8125,610.875,3.99875,46.75,11.125,22.25,4126.125,1350.625,139.0,565.5,676.5,138.625,157.3125,0.9765625,1038586.4375,100.25,100.1875,0.9095701172407525,4.426792692901936,3.700445333090975,964.6875,6.312596564573298,1.32959192947378
1956,4.5,154.875,77.4375,77.0,77.0,689.4375,5241.0,1353.3125,208.6875,45.3125,143.375,562.5625,719.1875,44.9375,30.9375,,,689.4375,608.4375,3.9675,47.375,8.5625,22.9375,4142.0625,1353.3125,143.375,562.5625,719.1875,140.1875,157.25,0.9764375,1033953.125,100.3125,100.375,0.9345887465483681,4.688017744782943,3.667058983296365,955.9375,6.231270653207188,1.3603277352768095
1957,4.4375,154.375,77.1875,76.875,76.875,664.75,5306.625,1366.5625,212.25,42.0,137.625,510.9375,747.75,47.9375,34.875,,,664.75,594.6875,3.83625,44.375,9.5625,24.4375,4188.375,1366.5625,137.625,510.9375,747.75,131.125,157.0,0.9781875,1063488.6875,100.25,100.125,0.887187751813054,4.82030620467365,3.2937147461724416,974.6875,6.2832393231265105,1.3682514101531023
1958,4.4375,154.375,77.1875,76.9375,76.9375,661.125,5239.1875,1351.3125,212.0,40.9375,140.0,507.9375,764.3125,46.3125,32.25,,,661.125,591.0,3.86,46.4375,9.0625,25.25,4133.4375,1351.3125,140.0,507.9375,764.3125,130.0,162.5,0.9780625,1091289.375,99.9375,99.875,0.9144930823315944,4.992560671354049,3.317895214334316,958.375,6.260195055568156,1.384803810387843
1959,4.4375,154.75,77.375,77.125,77.125,678.3125,5268.375,1352.25,217.375,36.9375,140.625,511.5,787.875,53.3125,31.625,,,678.3125,599.0625,3.908125,46.375,10.6875,23.6875,4143.0,1352.25,140.625,511.5,787.875,138.6875,147.5,0.9765625,1196498.6875,100.4375,100.375,0.9164554670528603,5.134594496741491,3.333454018826937,957.3125,6.23882150615496,1.4166364952932657
1960,4.5,154.5,77.25,77.0,77.0,666.5,5250.875,1339.625,215.125,41.125,133.0,524.0,801.0625,57.6875,34.1875,,,666.5,588.5,3.818125,41.625,9.9375,26.875,4162.3125,1339.625,133.0,524.0,801.0625,135.0,150.25,0.9774375,1244468.0625,100.0625,99.9375,0.8627415649353575,5.196315149331051,3.399072030271634,950.375,6.164872291544664,1.3954682643362313
1961,5.0,158.88888888888889,79.44444444444444,79.05555555555556,79.05555555555556,719.0,5390.666666666667,1392.5555555555557,220.83333333333331,41.888888888888886,151.66666666666666,549.8333333333334,830.6666666666666,58.11111111111112,33.27777777777778,,,719.0,632.3888888888889,4.028888888888889,41.388888888888886,9.61111111111111,27.83333333333333,4241.5,1392.5555555555557,151.66666666666666,549.8333333333334,830.6666666666666,147.72222222222223,157.05555555555554,0.9756666666666668,1049695.4444444445,100.88888888888889,100.88888888888889,0.9654603324295649,5.28775197453731,3.5000589414122367,978.1666666666667,6.226688671460569,1.4057526818342565
1962,5.5,162.1,81.05,80.9,80.9,723.05,5534.4,1426.05,215.65,42.65,150.05,546.8,878.35,67.4,35.05,,,723.05,637.1,3.958,42.2,9.95,30.9,4349.55,1426.05,150.05,546.8,878.35,145.55,155.15,0.97655,1068760.75,99.9,99.75,0.9314411835707143,5.452391626720005,3.394282167120736,1017.6999999999999,6.317412146084077,1.3386557230058282
1963,5.45,161.9,80.95,80.9,80.9,639.0,5490.7,1352.15,204.9,39.55,135.2,479.55,938.65,61.8,38.15,,,639.0,559.2,3.46,43.25,13.75,29.45,4365.0,1352.15,135.2,479.55,938.65,145.6,143.8,0.97665,1023853.7,100.3,100.25,0.8362886597938144,5.806082474226804,2.9662886597938147,972.5000000000001,6.015463917525774,1.2674226804123712
1964,5.35,162.6,81.3,81.0,81.0,656.2,5523.2,1383.45,213.5,38.0,138.1,481.05,960.6,58.8,35.95,,,656.2,579.3,3.5840000000000005,39.85,13.45,33.4,4369.5,1383.45,138.1,481.05,960.6,141.75,146.25,0.97735,1064017.05,100.1,99.95,0.8533470648815653,5.935736354273945,2.9725025746652936,993.8500000000001,6.14119464469619,1.3192584963954685
1965,5.5,162.3,81.15,80.95,80.95,647.3,5486.95,1347.6,209.95,39.35,134.4,501.8,964.15,72.45,39.3,,,647.3,567.1,3.501,36.95,12.15,33.9,4376.25,1347.6,134.4,501.8,964.15,141.85,147.1,0.97745,1122095.0,100.3,100.25,0.829203084832905,5.948483290488432,3.0959383033419026,963.8999999999999,5.946940874035989,1.2953213367609253
1966,5.5,161.5,80.75,80.65,80.65,645.0,5473.35,1360.35,206.0,41.0,137.15,466.55,940.25,72.75,46.3,,,645.0,567.75,3.522,36.8,12.3,33.35,4355.55,1360.35,137.15,466.55,940.25,142.8,147.25,0.9772,1259110.45,100.05,100.05,0.8501911354478768,5.828597995660709,2.8921376175224713,976.1999999999998,6.051451596239279,1.27699142473396
1967,5.4,162.0,81.0,80.85,80.85,610.5,5460.25,1323.2,204.1,39.6,114.95,483.25,970.65,68.65,47.0,,,610.5,535.35,3.3055,39.1,13.7,32.35,4376.7,1323.2,114.95,483.25,970.65,136.35,142.5,0.9781,1215417.65,99.95,99.9,0.7091301665638495,5.987970388648982,2.9811844540407155,964.5500000000001,5.950339296730414,1.2590993214065391
1968,5.4,162.5,81.25,80.95,80.95,555.45,5431.1,1285.5,193.45,34.85,99.75,457.8,957.15,75.75,46.55,,,555.45,484.1,2.983,44.85,16.95,29.85,4384.05,1285.5,99.75,457.8,957.15,137.65,141.0,0.97815,1155137.25,100.35,100.2,0.6143292161357649,5.894789064905737,2.8194477708967733,957.45,5.896636671570808,1.1913983645259518
1969,3.5,162.16666666666666,81.08333333333333,80.95833333333333,80.95833333333333,660.4166666666666,5470.291666666667,1357.5416666666667,201.66666666666663,35.375,129.95833333333334,559.5416666666666,936.375,77.08333333333333,46.583333333333336,,,660.4166666666666,582.7916666666666,3.610833333333333,40.91666666666666,12.5,31.041666666666668,4360.125,1357.5416666666667,129.95833333333334,559.5416666666666,936.375,141.70833333333334,151.20833333333334,0.9772083333333332,1134569.4166666667,100.20833333333331,100.20833333333331,0.804764771652189,5.798486281929991,3.4649522662767693,990.5416666666669,6.133912445170724,1.248817407757805
1970,3.458333333333333,162.0,81.0,80.95833333333333,80.95833333333333,703.3333333333334,5505.833333333333,1398.125,218.125,38.625,142.875,571.9583333333334,932.25,79.5,44.91666666666666,34.375,41.25,703.3333333333334,626.125,3.8820833333333336,35.5,9.75,36.583333333333336,4357.333333333333,1398.125,142.875,571.9583333333334,932.25,138.625,153.95833333333334,0.9778333333333332,1197805.5416666667,100.20833333333331,100.04166666666669,0.8853178549571604,5.776640911872706,3.544111459608324,998.5,6.187155752753978,1.3516007496940026
1971,3.4166666666666665,161.5,80.75,80.70833333333333,80.70833333333333,628.0416666666666,5439.333333333333,1356.125,205.45833333333331,33.666666666666664,119.29166666666669,522.3333333333334,873.1666666666666,73.54166666666667,43.29166666666666,34.208333333333336,41.125,628.0416666666666,557.5,3.46375,45.125,13.125,28.70833333333333,4345.875,1356.125,119.29166666666669,522.3333333333334,873.1666666666666,130.20833333333334,155.70833333333334,0.9791666666666666,1216392.375,100.25,100.29166666666669,0.7411338338079214,5.424799378721201,3.245146259383899,997.7083333333333,6.198550349469324,1.2764690654931399
1972,3.5,154.91666666666666,77.45833333333333,77.41666666666667,77.41666666666667,571.0833333333334,5201.166666666667,1268.0833333333333,193.83333333333331,31.08333333333333,105.58333333333331,488.625,863.25,75.29166666666667,46.04166666666666,31.291666666666668,36.79166666666666,571.0833333333334,504.5416666666667,3.25875,42.04166666666666,14.875,30.541666666666668,4181.291666666667,1268.0833333333333,105.58333333333331,488.625,863.25,131.41666666666666,144.83333333333334,0.97825,1123677.8333333333,100.125,100.20833333333331,0.68178692788313,5.574294227262309,3.1552151946667197,937.5833333333335,6.05428944405138,1.251646720012755
1973,3.5,161.91666666666666,80.95833333333333,80.91666666666667,80.91666666666667,682.3333333333334,5515.125,1417.0833333333333,217.66666666666663,32.916666666666664,129.25,545.8333333333334,848.25,84.75,50.54166666666666,31.45833333333333,42.04166666666666,682.3333333333334,603.625,3.7395833333333335,44.208333333333336,12.208333333333334,34.125,4359.833333333333,1417.0833333333333,129.25,545.8333333333334,848.25,143.625,159.54166666666666,0.9772083333333332,1254538.5833333333,100.33333333333331,100.375,0.8004319736993005,5.253125119461753,3.380289766428381,1037.25,6.423582705760924,1.3479873083833478
1974,3.5,162.08333333333334,81.04166666666667,80.875,80.875,668.5833333333334,5510.666666666667,1415.375,216.91666666666663,35.291666666666664,110.375,540.125,812.2916666666666,103.66666666666669,57.625,32.25,46.0,668.5833333333334,585.1666666666666,3.6179166666666656,45.375,11.916666666666666,21.541666666666668,4367.791666666667,1415.375,110.375,540.125,812.2916666666666,149.79166666666666,157.91666666666666,0.97625,1251067.0,100.16666666666669,100.125,0.6822955917845592,5.021273145277457,3.338844000114474,1052.7916666666665,6.507951195779712,1.3408949984259777
1975,3.4166666666666665,161.16666666666666,80.58333333333333,80.54166666666667,80.54166666666667,678.9583333333334,5478.041666666667,1410.9583333333333,226.79166666666663,36.958333333333336,112.41666666666669,558.4166666666666,803.3333333333334,105.16666666666669,57.04166666666666,31.70833333333333,45.29166666666666,678.9583333333334,594.625,3.700833333333333,43.833333333333336,11.083333333333334,27.875,4340.5,1410.9583333333333,112.41666666666669,558.4166666666666,803.3333333333334,154.58333333333334,153.79166666666666,0.9755,1241246.375,100.20833333333331,100.16666666666669,0.6992857965672159,4.997120147448451,3.4736205506278073,1034.7916666666665,6.436902430595553,1.4107533694274852
1976,3.458333333333333,161.58333333333334,80.79166666666667,80.79166666666667,80.79166666666667,645.5,5480.208333333333,1399.9166666666667,218.33333333333331,40.25,93.125,516.2916666666666,781.0416666666666,127.25,64.33333333333333,28.5,49.29166666666666,645.5,567.5,3.5108333333333337,43.29166666666666,13.541666666666666,28.45833333333333,4365.708333333333,1399.9166666666667,93.125,516.2916666666666,781.0416666666666,144.125,151.33333333333334,0.9772916666666666,1304930.4583333333,100.25,100.20833333333331,0.5759374671922274,4.830401710299016,3.1930385485364154,1048.2083333333335,6.482710900293005,1.3502963436632085
1977,3.730769230769231,161.76923076923077,80.88461538461539,80.88461538461539,80.88461538461539,723.1923076923077,5537.5,1462.9615384615386,247.73076923076923,45.0,140.15384615384616,529.1153846153846,835.4615384615385,116.03846153846152,68.42307692307692,30.423076923076923,47.34615384615385,723.1923076923077,643.3076923076923,3.9915384615384615,34.88461538461539,9.153846153846152,32.5,4354.5,1462.9615384615386,140.15384615384616,529.1153846153846,835.4615384615385,142.69230769230768,149.3846153846154,0.9773846153846152,1488837.6538461538,100.1923076923077,100.23076923076924,0.8690214367100347,5.180264447918599,3.2807705556586026,1030.076923076923,6.386973687697077,1.5360502398049765
1978,3.730769230769231,161.69230769230768,80.84615384615384,80.84615384615384,80.84615384615384,663.5,5444.884615384615,1404.1538461538462,237.92307692307693,39.23076923076923,113.6923076923077,521.7692307692307,771.4615384615385,115.53846153846152,62.19230769230769,29.692307692307693,49.0,663.5,589.0769230769231,3.6769230769230767,39.76923076923077,11.73076923076923,30.923076923076923,4326.538461538462,1404.1538461538462,113.6923076923077,521.7692307692307,771.4615384615385,139.15384615384616,147.53846153846155,0.9777692307692308,1562957.1538461538,100.1923076923077,100.26923076923076,0.7095030669392834,4.8143479420392925,3.2561294337274416,1013.3076923076924,6.3236020979642635,1.4847719797315315
1979,3.769230769230769,161.3846153846154,80.73076923076923,80.65384615384616,80.65384615384616,719.7307692307693,5492.0,1458.1153846153843,246.73076923076923,41.0,132.03846153846155,523.1153846153846,770.5769230769231,114.73076923076924,61.46153846153846,29.0,50.53846153846154,719.7307692307693,639.1153846153846,3.992692307692308,35.11538461538461,9.115384615384617,32.30769230769231,4324.423076923077,1458.1153846153843,132.03846153846155,523.1153846153846,770.5769230769231,139.65384615384616,157.73076923076923,0.9777692307692308,1675015.3076923075,100.15384615384616,100.26923076923076,0.8243963178725486,4.811179792769155,3.2661270956552673,1038.3461538461536,6.483025748210075,1.5404900609240895
1980,3.769230769230769,161.92307692307693,80.96153846153847,80.8076923076923,80.8076923076923,694.3461538461538,5544.615384615385,1467.076923076923,244.03846153846155,41.38461538461539,118.73076923076924,507.3076923076923,777.3846153846154,126.6923076923077,61.92307692307692,25.26923076923077,49.84615384615385,694.3461538461538,620.2307692307693,3.835769230769231,32.92307692307692,10.153846153846152,34.69230769230769,4368.615384615385,1467.076923076923,118.73076923076924,507.3076923076923,777.3846153846154,138.80769230769232,158.23076923076923,0.9781923076923076,1654389.8461538462,100.23076923076924,100.1923076923077,0.7338093393435695,4.804585152838428,3.1353887871531203,1062.9230769230767,6.569340752218621,1.5082670094379491
1981,3.769230769230769,107.23076923076924,53.61538461538461,53.42307692307692,53.42307692307692,428.7307692307692,3633.346153846154,929.1153846153846,153.84615384615384,25.346153846153847,68.5,341.0769230769231,509.11538461538464,77.73076923076923,42.30769230769231,17.846153846153847,31.884615384615383,428.7307692307692,383.9230769230769,3.5819230769230765,19.615384615384617,8.461538461538462,23.26923076923077,2895.576923076923,929.1153846153846,68.5,341.0769230769231,509.11538461538464,88.61538461538461,102.46153846153848,0.9790384615384616,1020937.5384615384,100.34615384615384,100.26923076923076,0.638732815301853,4.747280334728034,3.1803945008965933,681.423076923077,6.35397489539749,1.4345487148834428
1982,3.730769230769231,162.07692307692307,81.03846153846153,81.0,81.0,696.5384615384615,5544.192307692308,1448.1153846153843,242.92307692307693,37.07692307692308,129.96153846153845,511.61538461538464,816.1923076923077,122.15384615384616,62.19230769230769,26.03846153846154,46.96153846153846,696.5384615384615,623.9230769230769,3.8561538461538474,28.23076923076923,9.153846153846152,35.84615384615385,4370.576923076923,1448.1153846153843,129.96153846153845,511.61538461538464,816.1923076923077,132.76923076923077,150.19230769230768,0.9788846153846154,1714918.2307692308,100.26923076923076,100.15384615384616,0.8028600343204118,5.042170106041273,3.1605931271175254,1038.1538461538457,6.413376160513924,1.5006996083953008
1983,3.730769230769231,162.23076923076923,81.11538461538461,81.0,81.0,698.8461538461538,5520.692307692308,1440.1153846153843,248.57692307692307,39.73076923076923,126.96153846153848,519.9230769230769,835.2307692307693,127.8846153846154,62.26923076923077,27.57692307692308,48.30769230769231,698.8461538461538,622.5769230769231,3.8615384615384616,28.653846153846157,9.538461538461538,37.57692307692308,4354.846153846154,1440.1153846153843,126.96153846153848,519.9230769230769,835.2307692307693,134.53846153846155,155.03846153846155,0.9785384615384616,1751551.4615384615,100.15384615384616,100.1923076923077,0.7871601928885592,5.1784219172274915,3.223517566636638,1024.8461538461534,6.35403529224736,1.5411742885909594
1984,3.6538461538461537,161.92307692307693,80.96153846153847,80.92307692307692,80.92307692307692,689.2692307692307,5531.884615384615,1437.7307692307693,238.96153846153845,37.88461538461539,125.3076923076923,512.3076923076923,865.3846153846154,116.6153846153846,58.11538461538461,25.692307692307693,49.46153846153846,689.2692307692307,613.1153846153846,3.8061538461538458,24.307692307692307,9.76923076923077,38.19230769230769,4350.538461538462,1437.7307692307693,125.3076923076923,512.3076923076923,865.3846153846154,135.65384615384616,150.30769230769232,0.9782692307692308,1720879.3461538462,100.23076923076924,100.3076923076923,0.7776756192867372,5.370687978499566,3.179447283271743,1035.5769230769229,6.426923280937813,1.483025973796347
1985,3.692307692307693,161.76923076923077,80.88461538461539,80.8076923076923,80.8076923076923,700.6153846153846,5502.884615384615,1414.5384615384614,247.03846153846155,37.11538461538461,138.53846153846155,532.2307692307693,863.5,119.1153846153846,55.03846153846154,26.884615384615383,44.0,700.6153846153846,625.8076923076923,3.893076923076923,24.115384615384617,9.884615384615383,37.57692307692308,4345.2307692307695,1414.5384615384614,138.53846153846155,532.2307692307693,863.5,131.69230769230768,154.53846153846155,0.9788846153846154,1800937.6538461538,100.26923076923076,100.23076923076924,0.8608377000424869,5.365537813340886,3.307127177453619,991.8461538461539,6.16304347826087,1.5350251380824245
1986,3.730769230769231,161.76923076923077,80.88461538461539,80.84615384615384,80.84615384615384,713.2692307692307,5504.076923076923,1418.4615384615386,250.42307692307693,32.88461538461539,146.65384615384616,547.1923076923077,950.2307692307692,127.3846153846154,62.30769230769231,31.23076923076923,45.19230769230769,713.2692307692307,637.9615384615385,3.964230769230769,22.26923076923077,9.076923076923077,38.61538461538461,4347.038461538462,1418.4615384615386,146.65384615384616,547.1923076923077,950.2307692307692,132.69230769230768,150.1153846153846,0.9786538461538462,1827161.6538461535,100.23076923076924,100.1923076923077,0.9108853950080956,5.902002247330188,3.3986799147076256,988.5,6.139697229767392,1.5554090760287729
1987,3.692307692307693,161.92307692307693,80.96153846153847,80.96153846153847,80.96153846153847,764.7307692307693,5542.115384615385,1457.5,261.2692307692308,34.46153846153846,171.46153846153845,553.4230769230769,965.3461538461538,137.8846153846154,58.80769230769231,32.38461538461539,42.69230769230769,764.7307692307693,687.5769230769231,4.284230769230769,21.57692307692308,8.153846153846153,37.34615384615385,4335.538461538462,1457.5,171.46153846153845,553.4230769230769,965.3461538461538,126.84615384615384,148.84615384615384,0.9794615384615384,2000442.5384615385,100.1153846153846,100.1923076923077,1.067793903693978,6.011789858415243,3.4464976402540715,990.3076923076922,6.167240339235653,1.6270803023313578
1988,3.730769230769231,161.53846153846155,80.76923076923077,80.6923076923077,80.6923076923077,668.4615384615385,5483.384615384615,1394.0,245.6153846153846,32.30769230769231,122.3076923076923,499.38461538461536,898.2692307692307,126.96153846153848,54.53846153846154,35.30769230769231,48.65384615384615,668.4615384615385,599.5769230769231,3.7284615384615374,23.923076923076923,11.23076923076923,40.34615384615385,4346.269230769231,1394.0,122.3076923076923,499.38461538461536,898.2692307692307,124.73076923076924,144.57692307692307,0.9799230769230768,2038419.3846153845,100.23076923076924,100.26923076923076,0.7598028370928205,5.580250081856233,3.1022893197525723,993.7692307692306,6.173517517234054,1.525817898639859
1989,3.769230769230769,162.0,81.0,80.88461538461539,80.88461538461539,669.4230769230769,5493.115384615385,1395.8846153846157,242.57692307692307,33.38461538461539,118.57692307692308,520.3076923076923,909.6153846153846,119.84615384615384,55.42307692307692,30.807692307692307,47.69230769230769,669.4230769230769,596.7692307692307,3.7057692307692314,18.57692307692308,11.23076923076923,41.11538461538461,4351.7307692307695,1395.8846153846157,118.57692307692308,520.3076923076923,909.6153846153846,128.92307692307693,144.69230769230768,0.9793076923076924,2122042.153846154,100.03846153846152,100.03846153846152,0.7357019753413762,5.643643112819833,3.2282115869017627,1001.346153846154,6.212780060983694,1.5050510406999866
1990,3.692307692307693,161.92307692307693,80.96153846153847,80.96153846153847,80.96153846153847,689.1923076923077,5491.076923076923,1416.0384615384614,251.0,33.26923076923077,127.57692307692308,532.7692307692307,917.4230769230768,126.53846153846152,58.07692307692308,33.11538461538461,48.5,689.1923076923077,618.4230769230769,3.855,16.5,10.0,42.80769230769231,4334.269230769231,1416.0384615384614,127.57692307692308,532.7692307692307,917.4230769230768,122.3076923076923,145.84615384615384,0.9801923076923076,2108606.461538461,100.23076923076924,100.34615384615384,0.794730723837751,5.715017170847715,3.3188453381370286,1004.1923076923076,6.255539484075923,1.563585379489045
1991,3.730769230769231,161.84615384615384,80.92307692307692,80.92307692307692,80.92307692307692,697.1923076923077,5498.769230769231,1406.076923076923,249.96153846153845,34.38461538461539,130.1153846153846,537.8461538461538,938.0769230769232,120.0,60.26923076923077,34.80769230769231,48.03846153846154,697.1923076923077,630.3846153846154,3.9046153846153846,14.076923076923077,10.461538461538462,43.53846153846154,4358.038461538462,1406.076923076923,130.1153846153846,537.8461538461538,938.0769230769232,120.42307692307692,143.8846153846154,0.980653846153846,2185144.6153846155,100.0,100.1153846153846,0.8061230793670405,5.811806652604824,3.3321977954090136,991.6153846153846,6.143501398829748,1.5486236750831794
1992,3.692307692307693,162.0,81.0,81.0,81.0,666.9615384615385,5495.961538461538,1405.5384615384614,252.42307692307693,32.5,116.84615384615384,526.2307692307693,905.3076923076924,125.53846153846152,61.57692307692308,37.69230769230769,49.76923076923077,666.9615384615385,604.2307692307693,3.738846153846154,16.115384615384617,11.461538461538462,42.65384615384615,4364.961538461538,1405.5384615384614,116.84615384615384,526.2307692307693,905.3076923076924,117.57692307692308,147.0,0.9810384615384614,2148864.076923077,100.07692307692308,100.03846153846152,0.7227660830565077,5.5998907383094405,3.255064367471738,1003.7692307692307,6.208936548916635,1.5613936152402437
1993,3.928571428571429,162.07142857142858,81.03571428571429,81.0,81.0,745.1428571428571,5535.535714285715,1467.428571428571,266.0357142857143,33.57142857142857,143.92857142857142,539.6428571428571,939.6428571428572,116.53571428571428,59.285714285714285,42.85714285714285,51.07142857142857,745.1428571428571,671.8928571428571,4.182142857142857,13.25,7.857142857142857,42.57142857142857,4340.035714285715,1467.428571428571,143.92857142857142,539.6428571428571,939.6428571428572,124.39285714285714,151.32142857142858,0.9799285714285714,2509212.071428572,100.53571428571428,100.53571428571428,0.895400794924334,5.8456563063174265,3.357197521416051,1023.8928571428569,6.369787937887277,1.6550472757794947
1994,2.821428571428572,114.28571428571428,57.142857142857146,57.10714285714285,57.10714285714285,562.5714285714286,3938.071428571429,1062.25,204.39285714285717,25.071428571428573,118.07142857142856,397.5357142857143,705.9285714285714,80.64285714285714,36.85714285714285,31.285714285714285,35.42857142857143,562.5714285714286,510.8571428571428,4.5060714285714285,9.107142857142858,5.107142857142857,27.75,3062.8214285714284,1062.25,118.07142857142856,397.5357142857143,705.9285714285714,84.28571428571429,106.39285714285714,0.9807142857142858,1786072.0,100.28571428571428,100.35714285714286,1.0408470248020616,6.223043645564897,3.504436852108817,714.7142857142858,6.30049324269173,1.8018050583612217
1995,2.821428571428572,144.07142857142858,72.03571428571429,72.0,72.0,698.3571428571429,4948.964285714285,1320.5357142857142,248.5,29.428571428571427,145.75,508.57142857142856,908.0357142857144,104.75,44.892857142857146,43.535714285714285,41.892857142857146,698.3571428571429,635.7142857142857,4.4475,9.821428571428571,7.285714285714286,35.92857142857143,3860.571428571429,1320.5357142857142,145.75,508.57142857142856,908.0357142857144,103.96428571428572,137.0,0.9809642857142856,1802472.7142857143,100.35714285714286,100.35714285714286,1.01934391651865,6.35060501776199,3.5568383658969798,896.8571428571429,6.272424511545293,1.7379551509769093
1996,2.857142857142857,161.92857142857142,80.96428571428571,80.92857142857143,80.92857142857143,815.3928571428571,5600.035714285715,1511.428571428571,285.25,30.535714285714285,177.21428571428572,574.75,1046.7142857142858,115.67857142857144,47.96428571428572,50.142857142857146,50.0,815.3928571428571,740.75,4.606071428571428,10.357142857142858,7.0,39.85714285714285,4345.785714285715,1511.428571428571,177.21428571428572,574.75,1046.7142857142858,119.85714285714286,155.46428571428572,0.9806071428571428,2146335.035714286,100.32142857142856,100.39285714285714,1.101017406025542,6.503147548528131,3.570873259808353,1018.4285714285711,6.327410792064559,1.7722341841850067
1997,2.857142857142857,161.85714285714286,80.92857142857143,80.92857142857143,80.92857142857143,771.5714285714286,5551.357142857143,1481.107142857143,285.85714285714283,31.535714285714285,165.71428571428572,559.5,1069.178571428571,118.14285714285714,55.85714285714285,51.75,49.392857142857146,771.5714285714286,703.3928571428571,4.385357142857143,9.5,7.535714285714286,40.67857142857143,4334.357142857143,1481.107142857143,165.71428571428572,559.5,1069.178571428571,115.60714285714286,151.89285714285714,0.9811071428571428,2256024.6071428573,100.03571428571428,99.96428571428572,1.0322835813516587,6.6602313739061625,3.4852919365204924,998.0,6.216838878726454,1.780689177831611
1998,3.033333333333333,162.13333333333333,81.0,81.0,81.0,776.5666666666667,5570.533333333334,1482.9666666666667,291.3666666666667,29.966666666666665,168.8,548.2333333333333,1063.1,109.46666666666668,50.16666666666666,52.9,46.73333333333333,776.5666666666667,711.7333333333333,4.426333333333333,10.066666666666666,8.133333333333333,42.16666666666666,4343.466666666666,1482.9666666666667,168.8,548.2333333333333,1063.1,114.8,150.0,0.9814,2353371.566666667,100.1,100.1,1.0493000982318272,6.608477099705304,3.407946033889981,992.8333333333334,6.1716831409626725,1.8112030329076625
1999,3.033333333333333,161.86666666666667,80.93333333333334,80.9,80.9,823.0333333333333,5571.233333333334,1510.9,291.3333333333333,31.03333333333333,184.26666666666668,596.3666666666667,1037.3,114.03333333333332,50.63333333333333,52.63333333333333,48.8,823.0333333333333,751.8,4.701333333333333,7.9,6.433333333333334,40.56666666666667,4321.133333333333,1510.9,184.26666666666668,596.3666666666667,1037.3,116.93333333333334,156.06666666666666,0.9809,2337979.333333333,100.4,100.46666666666668,1.1513646111359677,6.481424626255458,3.726314084268016,1004.2666666666669,6.275020442167951,1.8203557708625822
2000,3.033333333333333,161.93333333333334,80.96666666666667,80.93333333333334,80.93333333333334,832.3666666666667,5576.333333333333,1508.2,296.7,31.73333333333333,189.76666666666668,607.9,1045.2,97.46666666666668,44.1,52.43333333333333,50.46666666666667,832.3666666666667,762.5333333333333,4.762333333333333,7.8,6.8,39.266666666666666,4324.433333333333,1508.2,189.76666666666668,607.9,1045.2,114.9,157.03333333333333,0.9811,2378630.2333333334,100.23333333333332,100.16666666666669,1.1848257575173626,6.525802995382825,3.7954799472763288,990.0,6.181156683341941,1.8524739272197512
2001,3.033333333333333,161.93333333333334,80.96666666666667,80.93333333333334,80.93333333333334,773.3,5541.133333333333,1462.6333333333334,293.76666666666665,30.933333333333334,181.9333333333333,526.8666666666667,1080.1333333333334,103.43333333333334,46.93333333333333,63.0,47.46666666666667,773.3,707.1666666666666,4.412999999999999,6.633333333333334,7.633333333333334,40.333333333333336,4328.733333333334,1462.6333333333334,181.9333333333333,526.8666666666667,1080.1333333333334,111.9,147.83333333333334,0.9816,2419370.033333333,100.4,100.4,1.1347892378062863,6.737213349555683,3.286273120697355,956.0,5.9629452803745515,1.8323374043215104
2002,3.033333333333333,161.73333333333332,80.4,80.83333333333333,80.83333333333333,746.9333333333333,5519.4,1442.4,290.0,30.7,168.63333333333333,541.5333333333333,1046.4666666666667,91.66666666666669,42.73333333333333,58.2,46.63333333333333,746.9333333333333,684.2333333333333,4.272,7.133333333333334,9.166666666666666,40.8,4326.9,1442.4,168.63333333333333,541.5333333333333,1046.4666666666667,107.5,152.16666666666666,0.9824,2264812.966666667,100.13333333333334,100.23333333333332,1.0522776121472648,6.529986826596409,3.3791860223254524,953.0666666666668,5.947167718227831,1.8096096512514734
2003,3.033333333333333,162.0,81.0,80.96666666666667,80.96666666666667,765.9333333333333,5557.9,1468.5666666666666,294.2333333333333,31.133333333333333,173.56666666666666,529.6333333333333,1026.7,85.76666666666667,37.73333333333333,61.63333333333333,44.53333333333333,765.9333333333333,705.1,4.395666666666667,6.966666666666667,8.633333333333333,39.93333333333333,4333.533333333334,1468.5666666666666,173.56666666666666,529.6333333333333,1026.7,105.7,152.6,0.9827,2254335.066666667,100.0,100.1,1.0814039352029905,6.396835530667815,3.2998707751949907,969.6333333333332,6.041282710028767,1.83321539005892
2004,3.033333333333333,161.86666666666667,80.93333333333334,80.93333333333334,80.93333333333334,779.2,5578.433333333333,1484.0666666666666,297.3,29.933333333333334,181.7,540.7333333333333,1060.9333333333334,86.3,36.66666666666666,61.66666666666666,45.43333333333333,779.2,716.1,4.458333333333333,5.0,8.366666666666667,41.0,4339.4,1484.0666666666666,181.7,540.7333333333333,1060.9333333333334,105.53333333333332,150.46666666666667,0.9828333333333332,2434099.066666667,100.33333333333331,100.46666666666668,1.1305480020279302,6.601189104484492,3.364474351292806,975.1333333333332,6.067336498133383,1.8498179471816383
2005,3.0,162.06666666666666,81.03333333333333,81.0,81.0,744.1666666666666,5544.5,1466.3666666666666,295.43333333333334,29.6,167.23333333333332,506.9,1021.4666666666668,85.5,35.63333333333333,59.9,43.833333333333336,744.1666666666666,685.4,4.284666666666666,6.3,8.7,41.8,4323.233333333334,1466.3666666666666,167.23333333333332,506.9,1021.4666666666668,102.0,154.06666666666666,0.9833,2497175.6,100.16666666666669,100.16666666666669,1.0444266251339658,6.379391967431784,3.1657555687486987,974.0999999999999,6.083571709445861,1.8450773726454734
2006,3.0,161.93333333333334,81.0,80.96666666666667,80.96666666666667,786.6333333333333,5578.033333333334,1502.4333333333334,304.5,31.73333333333333,179.53333333333333,528.2333333333333,1055.1666666666667,92.23333333333332,37.0,60.56666666666667,46.53333333333333,786.6333333333333,724.0666666666667,4.5216666666666665,4.8,8.666666666666666,40.03333333333333,4325.8,1502.4333333333334,179.53333333333333,528.2333333333333,1055.1666666666667,102.23333333333332,154.96666666666667,0.9831666666666669,2534796.7333333334,100.13333333333334,100.06666666666666,1.1205788524665956,6.5859494197605075,3.297031762910907,986.6666666666667,6.158398446530122,1.9005733043598871
2007,3.033333333333333,162.06666666666666,81.03333333333333,81.03333333333333,81.03333333333333,777.4,5592.766666666666,1499.2333333333331,306.56666666666666,31.266666666666666,165.23333333333332,535.9666666666667,1072.9666666666667,97.26666666666668,33.4,58.5,48.03333333333333,777.4,717.6333333333333,4.462666666666666,3.733333333333333,8.1,39.93333333333333,4342.566666666667,1499.2333333333331,165.23333333333332,535.9666666666667,1072.9666666666667,99.6,155.76666666666668,0.9835333333333334,2649490.6,100.06666666666666,100.03333333333332,1.0273417410594348,6.671192919701866,3.33238407393477,996.1666666666665,6.193687297067018,1.9060847271582857
2008,3.033333333333333,161.86666666666667,80.96666666666667,80.93333333333334,80.93333333333334,752.8333333333334,5557.133333333333,1465.7333333333331,300.46666666666664,29.53333333333333,162.6,544.5666666666667,1096.1333333333334,93.3,34.5,55.73333333333333,45.5,752.8333333333334,693.0,4.316666666666666,4.533333333333333,9.033333333333331,39.46666666666667,4335.766666666666,1465.7333333333331,162.6,544.5666666666667,1096.1333333333334,98.83333333333331,152.66666666666666,0.9837,2620810.5,100.46666666666668,100.43333333333334,1.012554488633306,6.825920829072906,3.3911649612140877,973.1333333333332,6.0599663266012165,1.871087773788565
2009,3.0,162.0,81.0,81.0,81.0,747.3,5528.3,1450.8,291.2333333333333,31.633333333333333,168.06666666666666,554.0,1119.7,99.0,37.766666666666666,53.0,45.53333333333333,747.3,691.0333333333333,4.313999999999999,5.066666666666666,9.1,40.06666666666667,4327.2,1450.8,168.06666666666666,554.0,1119.7,95.23333333333332,149.93333333333334,0.9841666666666666,2447686.0,100.16666666666669,100.1,1.048668885191348,6.986480865224626,3.456738768718802,959.8666666666666,5.9891846921797,1.8171797004991679
2010,3.033333333333333,162.0,81.0,81.0,81.0,710.2666666666667,5511.766666666666,1418.4666666666667,282.8666666666667,28.866666666666667,153.76666666666668,525.9333333333333,1143.5333333333333,98.63333333333334,37.63333333333333,51.63333333333333,43.36666666666667,710.2666666666667,653.1666666666666,4.073333333333333,5.5,10.966666666666669,40.13333333333333,4330.533333333334,1418.4666666666667,153.76666666666668,525.9333333333333,1143.5333333333333,101.0,146.5,0.9833,2435126.9,100.16666666666669,100.2,0.9587040857169249,7.129699190246004,3.2790880261091777,952.9666666666668,5.941554542935435,1.7636164906555005
2011,3.033333333333333,161.93333333333334,80.96666666666667,80.96666666666667,80.96666666666667,693.6,5523.5,1408.9,279.96666666666664,29.933333333333334,151.73333333333332,500.6,1149.6,109.3,42.03333333333333,51.8,42.46666666666667,693.6,634.4,3.9366666666666665,5.766666666666667,10.766666666666667,41.43333333333333,4352.733333333334,1408.9,151.73333333333332,500.6,1149.6,101.76666666666668,141.16666666666666,0.9833666666666668,2447522.2333333334,100.06666666666666,100.06666666666666,0.9412016970179655,7.130967514665113,3.1052212402934556,947.2666666666667,5.875894074221562,1.7366329203106092
2012,3.033333333333333,162.0,81.0,81.0,81.0,700.5666666666667,5508.366666666667,1402.1,275.3666666666667,30.9,164.46666666666667,490.3,1214.2,107.63333333333334,37.86666666666667,49.8,40.766666666666666,700.5666666666667,643.3666666666667,4.009333333333333,4.266666666666667,10.333333333333334,42.03333333333333,4335.533333333334,1402.1,164.46666666666667,490.3,1214.2,100.3,142.46666666666667,0.9834333333333334,2495308.933333333,99.93333333333334,100.23333333333332,1.024233850506666,7.561561053618932,3.053395968200759,931.3666666666664,5.800186059385234,1.7148755247335967
2013,3.033333333333333,162.06666666666666,81.03333333333333,81.03333333333333,81.03333333333333,675.1666666666666,5535.666666666667,1403.1,274.06666666666666,25.73333333333333,155.36666666666667,488.0,1223.6666666666667,89.76666666666667,33.56666666666667,51.2,40.63333333333333,675.1666666666666,624.2666666666667,3.8633333333333337,4.133333333333334,11.033333333333331,42.2,4365.333333333333,1403.1,155.36666666666667,488.0,1223.6666666666667,91.56666666666666,145.2,0.9849,2467563.1666666665,100.1,100.0,0.9609575442883325,7.568494196701283,3.0183262064752596,947.9333333333332,5.863057422113622,1.695128283445327
2014,3.0,162.0,81.0,81.0,81.0,658.7,5520.466666666666,1386.5,271.2333333333333,28.3,139.53333333333333,467.3333333333333,1248.0333333333333,92.13333333333334,34.5,55.06666666666667,42.56666666666667,658.7,603.5666666666667,3.738,3.933333333333333,11.766666666666667,42.13333333333333,4361.366666666667,1386.5,139.53333333333333,467.3333333333333,1248.0333333333333,97.13333333333334,141.0,0.984,2457987.4,100.1,100.06666666666666,0.8638118021109591,7.726224960066035,2.8931298293348413,947.4333333333334,5.8652945177734805,1.6791296306203711
2015,3.0,161.93333333333334,80.96666666666667,80.96666666666667,80.96666666666667,688.2333333333333,5516.266666666666,1403.5333333333333,274.7333333333333,31.3,163.63333333333333,469.1,1248.2,83.5,35.46666666666667,53.4,41.06666666666667,688.2333333333333,635.8333333333334,3.956333333333333,3.466666666666667,11.3,43.06666666666667,4340.766666666666,1403.5333333333333,163.63333333333333,469.1,1248.2,94.33333333333331,145.93333333333334,0.9845,2457311.0,100.16666666666669,100.2,1.017815593251576,7.763928031146572,2.917848613532172,933.8666666666668,5.808743463136313,1.7088686330371745
2016,2.966666666666667,161.86666666666667,80.93333333333334,80.9,80.9,724.8,5518.7,1409.2,275.1333333333333,29.1,187.0,502.9333333333333,1299.4,84.56666666666666,33.36666666666667,55.03333333333333,40.46666666666667,724.8,670.8,4.184333333333333,2.7666666666666666,9.2,42.53333333333333,4330.633333333333,1409.2,187.0,502.9333333333333,1299.4,94.5,144.46666666666667,0.9842,2438634.8,100.16666666666669,100.13333333333334,1.165880279250918,8.101309277318945,3.135615267974661,917.9666666666668,5.723204458162394,1.715361109614452
2017,3.0,162.0,81.0,81.0,81.0,752.7333333333333,5518.9,1407.1666666666667,279.9,26.5,203.5,527.6333333333333,1336.8,84.23333333333333,31.133333333333333,58.766666666666666,38.93333333333333,752.7333333333333,697.0333333333333,4.352666666666667,1.9666666666666663,8.7,39.3,4325.7,1407.1666666666667,203.5,527.6333333333333,1336.8,93.9,146.83333333333334,0.9841333333333334,2422347.5,100.0,99.93333333333334,1.270199042929468,8.343990568000555,3.2933629239198283,897.2666666666668,5.600527082321937,1.7470698384076564
2018,3.0,162.06666666666666,81.03333333333333,81.03333333333333,81.03333333333333,721.0,5514.4,1367.2666666666669,275.46666666666664,28.23333333333333,186.16666666666663,522.8666666666667,1373.5666666666666,82.46666666666667,31.933333333333334,64.06666666666666,41.16666666666666,721.0,667.5,4.148,1.4,10.4,41.46666666666667,4348.9,1367.2666666666669,186.16666666666663,522.8666666666667,1373.5666666666666,93.06666666666666,136.46666666666667,0.9843333333333334,2322375.7333333334,100.06666666666666,99.93333333333334,1.1558095150497827,8.52774264756605,3.2462001885534275,877.4000000000003,5.447308514796848,1.710225574283152
2019,3.0,161.93333333333334,80.96666666666667,80.96666666666667,80.96666666666667,782.2333333333333,5555.033333333334,1401.3,284.3666666666667,26.166666666666668,225.86666666666667,529.8333333333334,1427.4333333333334,76.0,27.73333333333333,66.13333333333334,38.333333333333336,782.2333333333333,722.8,4.497,1.5,8.933333333333334,39.333333333333336,4342.333333333333,1401.3,225.86666666666667,529.8333333333334,1427.4333333333334,96.6,133.63333333333333,0.9836333333333334,2283162.1666666665,100.1,99.96666666666668,1.404406233207953,8.875573808244416,3.2944269593920326,864.9,5.377822983035235,1.7681507637982654
2020,2.933333333333333,59.86666666666667,29.933333333333334,29.933333333333334,29.933333333333334,278.1333333333333,1967.6666666666667,481.3,94.1,8.033333333333333,76.8,203.06666666666663,519.5333333333333,29.466666666666665,9.733333333333333,27.366666666666667,13.4,278.1333333333333,254.6,4.447666666666667,0.9666666666666668,0.4,14.066666666666666,1546.8666666666666,481.3,76.8,203.06666666666663,519.5333333333333,34.56666666666667,47.73333333333333,0.9835333333333334,0.0,100.13333333333334,100.13333333333334,1.3405163125457915,9.068267034435202,3.544455458345903,302.3666666666667,5.277701159332846,1.64248157565832
2021,2.966666666666667,161.93333333333334,80.96666666666667,80.96666666666667,80.96666666666667,733.6666666666666,5398.033333333334,1316.1333333333334,262.1,22.366666666666667,198.13333333333333,526.4666666666667,1404.8333333333333,73.76666666666667,23.7,70.4,38.1,733.6666666666666,672.0666666666667,4.263333333333334,1.6666666666666667,9.966666666666669,39.7,4261.5,1316.1333333333334,198.13333333333333,526.4666666666667,1404.8333333333333,87.53333333333333,127.53333333333332,0.9848,1510156.9666666666,99.93333333333334,100.06666666666666,1.2553326293558604,8.900739176346358,3.3355860612460404,833.5333333333334,5.281098204857445,1.6606124604012673
